{
    "Val": {
        "PLCC": 0.9691349584969307,
        "SROCC": 0.9749331550802139,
        "RMSE": 3.4755665942216014
    },
    "Test": {
        "PLCC": 0.973311451051318,
        "SROCC": 0.9613110698824985,
        "RMSE": 3.278972018173061
    }
}