{
    "Val": {
        "PLCC": 0.981122721734442,
        "SROCC": 0.9712566844919787,
        "RMSE": 2.82313949802262
    },
    "Test": {
        "PLCC": 0.9527285521861956,
        "SROCC": 0.9329622758194186,
        "RMSE": 4.133116396655877
    }
}