{
    "Val": {
        "PLCC": 0.987435594729509,
        "SROCC": 0.9862967914438503,
        "RMSE": 2.0312164328482463
    },
    "Test": {
        "PLCC": 0.9532787853986009,
        "SROCC": 0.9120717377860234,
        "RMSE": 4.796047277004951
    }
}