{
    "Val": {
        "PLCC": 0.9700552916546832,
        "SROCC": 0.9722593582887702,
        "RMSE": 3.3102831365155048
    },
    "Test": {
        "PLCC": 0.9552611258295087,
        "SROCC": 0.9558532957785206,
        "RMSE": 4.303208667713066
    }
}