{
    "Val": {
        "PLCC": 0.9844762951946874,
        "SROCC": 0.9879679144385028,
        "RMSE": 2.5622859978027694
    },
    "Test": {
        "PLCC": 0.9743909005683091,
        "SROCC": 0.9602226345083488,
        "RMSE": 2.9972405475015518
    }
}