{
    "Val": {
        "PLCC": 0.8883682681959579,
        "SROCC": 0.8831877181473439,
        "RMSE": 0.46750707622084875
    },
    "Test": {
        "PLCC": 0.8137402835221095,
        "SROCC": 0.8033858996895953,
        "RMSE": 0.5752364329626575
    }
}