{
    "Val": {
        "PLCC": 0.827668528723984,
        "SROCC": 0.8194818067138081,
        "RMSE": 0.4315639388215915
    },
    "Test": {
        "PLCC": 0.85876294845692,
        "SROCC": 0.8534635622767124,
        "RMSE": 0.4021660434726029
    }
}