{
    "Val": {
        "PLCC": 0.866169239957129,
        "SROCC": 0.8665152983784021,
        "RMSE": 0.38000048447347173
    },
    "Test": {
        "PLCC": 0.8175527663940282,
        "SROCC": 0.8034972965428768,
        "RMSE": 0.4512997346355741
    }
}