{
    "Val": {
        "PLCC": 0.8960335687367145,
        "SROCC": 0.8926120123388246,
        "RMSE": 0.45570527884192674
    },
    "Test": {
        "PLCC": 0.8131470310835066,
        "SROCC": 0.7969573557087533,
        "RMSE": 0.5864285848849249
    }
}