{
    "Val": {
        "PLCC": 0.8692034328344298,
        "SROCC": 0.86311854534416,
        "RMSE": 0.3694745460032531
    },
    "Test": {
        "PLCC": 0.8462106715958997,
        "SROCC": 0.8325522740239403,
        "RMSE": 0.41478268360836035
    }
}