{
    "Val": {
        "PLCC": 0.9839739480592917,
        "SROCC": 0.9759398496240601,
        "RMSE": 0.3688918728005826
    },
    "Test": {
        "PLCC": 0.9196424483216339,
        "SROCC": 0.9088938671334122,
        "RMSE": 0.8094243806986902
    }
}