{
    "Val": {
        "PLCC": 0.9539167151154939,
        "SROCC": 0.9620158634441753,
        "RMSE": 0.6144745348408014
    },
    "Test": {
        "PLCC": 0.9700278622262852,
        "SROCC": 0.9613482286713919,
        "RMSE": 0.5228776738011672
    }
}