{
    "Val": {
        "PLCC": 0.9826106194979709,
        "SROCC": 0.9834586466165413,
        "RMSE": 0.3841303246495698
    },
    "Test": {
        "PLCC": 0.9553749406619211,
        "SROCC": 0.9469676994020317,
        "RMSE": 0.6374324083853389
    }
}