{
    "Val": {
        "PLCC": 0.9750653161548672,
        "SROCC": 0.9744360902255638,
        "RMSE": 0.48090725049299937
    },
    "Test": {
        "PLCC": 0.9599424347483132,
        "SROCC": 0.9443819254647262,
        "RMSE": 0.6004355969222734
    }
}