{
    "Val": {
        "PLCC": 0.9749375046013313,
        "SROCC": 0.966140228355124,
        "RMSE": 0.4975359322264373
    },
    "Test": {
        "PLCC": 0.9658828904489007,
        "SROCC": 0.9627242044012599,
        "RMSE": 0.541334872902073
    }
}